id,subject,tag,question,choice1,choice2,choice3,choice4,answer,explanation,core_id,source
1,1,빅데이터 개념,다음 중 빅데이터 분석에 경제성을 제공해 준 결정적인 기술로 가장 적절한 것은?,텍스트 마이닝,클라우드 컴퓨팅,저장장치 비용의 지속적인 하락,스마트폰의 급속한 확산,2,클라우드 컴퓨팅은 맵리듀스와 같은 병렬분산처리 기법을 통해 거대 규모 데이터의 신속한 처리 비용을 급격히 하락시켜 빅데이터 분석의 경제성을 획기적으로 개선하였다.,100001,cbt
2,1,빅데이터 가치,다음 중 빅데이터의 가치 산정이 어려운 이유를 나타내는 사례로 가장 부적절한 것은?,구글 검색에서 나타나는 것과 같은 데이터의 반복적 재사용,전기차 배터리 정보를 충전소 최적지 선정과 같은 2차적 목적에 활용,독자의 전자책 독서 순서 정보가 저자의 글쓰기 방식에 영향을 주는 것,은행 대출심사 알고리즘 작동 원리 이해의 어려움,4,"가치 산정을 어렵게 만드는 요인은 데이터의 재사용, 2차적 목적 활용, 창조적 방식의 새로운 가치 창출이다. 대출심사 알고리즘 이해의 어려움은 알고리즈미스트가 필요한 이유이지 가치 산정이 어려운 이유가 아니다.",100002,cbt
3,1,빅데이터 분석특성,다음 중 빅데이터 분석의 특성에 대한 설명 중 가장 부적절한 것은?,더 많은 정보가 더 많은 가치를 창출할 수 있는 것은 아니다.,비즈니스의 핵심에 대해 보다 객관적이고 종합적인 통찰력을 줄 수 있는 데이터를 찾는 것이 중요하다.,빅데이터 과제와 관련된 주된 걸림돌은 비용이 아니다.,데이터의 크기가 커질수록 분석을 많이 사용하는 것이 중요해진다.,4,데이터의 크기가 커진다고 분석을 많이 사용하는 것이 중요해지는 것은 아니다. 데이터의 성격과 얻고자 하는 가치에 적합한 분석을 사용하는 것이 중요하다.,100003,cbt
4,1,가치창출,다음 중 데이터 분석에 기초한 가치 창출과 관련된 설명으로 가장 부적절한 것은?,핵심적인 비즈니스 이슈에 답을 주는 분석은 기업의 경쟁전략과 밀접하게 연관된다.,복잡하고 다양한 데이터를 최적화 하는 능력이 최고의 가치를 창출하는 가장 중요한 기준이다.,전략적 분석과 통찰력의 창출은 빅데이터 프로젝트에서 핵심적인 역할을 한다.,기존 성과를 유지하고 업계를 따라잡는 것이 전략적 가치 기반 분석의 가장 중요한 목표는 아니다.,2,복잡한 데이터의 최적화 능력이 반드시 최고의 가치를 창출하는 것은 아니다. 전략적 통찰 없는 복잡한 분석은 쓸모없는 비즈니스 모델을 뒷받침하는 데 그칠 수 있다.,100004,cbt
5,1,분석 적용대상,다음 중 비즈니스에 분석을 적용할 때 효과적인 분석 적용 대상에 대한 검토와 관련된 설명으로 가장 부적절한 것은?,사업적 잠재력만이 아니라 데이터 및 필요한 자원이 이용 가능한지를 고려해 대상을 택한다.,조직이 분석을 배우는 동안에는 분석의 노력을 가능한 다양한 대상에 기울이도록 한다.,업계 상황에 한정해서 바라보지 말고 더 넓은 시야에서 차별화를 고려한다.,무엇이 가능한지 발견하기 위한 실험을 망설이지 말고 분석기회에 대한 직관을 무시하지 않는다.,2,"조직이 분석을 도입하는 시기에는 노력을 너무 많은 대상에 기울이지 말고, 한 가지 주요 대상이나 몇 가지 작은 대상에 몰두하는 것이 바람직하다.",100005,cbt
6,1,데이터 사이언티스트,데이터 사이언티스트가 효과적인 분석 모델 개발을 위해 고려해야 하는 사항으로 가장 부적절한 것은?,분석모델이 예측할 수 없는 위험을 살피기 위해 현실세계를 돌아보고 경험과 통찰력을 함께 활용한다.,가정들과 현실의 불일치에 대해 끊임없이 고찰하고 모델의 능력에 대해 항상 의구심을 가진다.,분석의 객관성에 의문을 제기하고 모델에 포함된 가정과 해석의 개입 등의 한계를 고려한다.,넓은 시각에서 모델 범위 바깥의 요인들을 판단할 수 있도록 가능한 한 많은 상황 데이터를 모델에 포함한다.,4,모델 범위 밖의 요인을 판단하려는 것은 부적절하며 큰 위험을 동반할 수 있다. 지나치게 많은 과거 데이터를 모델에 포함하는 것도 모델의 정확성을 떨어뜨릴 수 있다.,100006,cbt
7,1,의사결정 오류,"분석의 전형적인 의사결정 오류를 로직 오류와 프로세스 오류로 나눠 보았을 때, 각 오류에 대한 설명으로 가장 부적절한 것은?",부정확한 가정을 하고 테스트를 하지 않는 것은 로직 오류이다.,결정에서 분석과 통찰력을 고려하지 않는 것은 프로세스 오류이다.,데이터 수집이나 분석이 너무 늦어 사용할 수 없게 되는 것은 로직 오류이다.,대안을 진지하게 고려하지 않는 것은 프로세스 오류이다.,3,데이터 수집이나 분석이 너무 늦어 사용할 수 없게 되는 것은 프로세스 오류에 대한 설명이다.,100007,cbt
8,1,DIKW,"아래 내용은 데이터, 정보, 지식의 차이점을 예시로 설명한 것이다. 각각의 용어와 예시가 적절하게 연결된 것은? (가) A마트는 100원, B마트는 200원에 연필을 판매한다. (나) A마트의 연필가격이 더 싸다. (다) 상대적으로 저렴한 A마트에서 연필을 사야겠다. (라) A마트의 다른 상품도 B마트보다 저렴할 것이다.","데이터-(가), 정보-(나), 지식-(다)","데이터-(가), 정보-(나), 지식-(라)","데이터-(가), 정보-(다), 지식-(라)","데이터-(가), 정보-(라), 지식-(다)",1,"(가)데이터: 가공 전 순수 사실, (나)정보: 데이터를 가공해 의미를 부여, (다)지식: 정보 패턴을 이해해 예측한 결과물, (라)지혜: 근본 원리에 대한 깊은 이해로 도출한 창의적 아이디어.",100008,cbt
9,1,기업DB솔루션,다음 중 기업내부 데이터베이스의 활용과 가장 관련이 없는 것은?,CRM(Customer Relationship Management),ERP(Enterprise Resource Planning),ITS(Intelligent Transport Systems),KMS(Knowlege Management Systems),3,"ITS(지능형교통체계)는 국가 교통 DB를 통해 교통소통을 목적으로 하는 사회기반 시스템으로, 기업내부 데이터베이스 활용과는 관련이 적다.",100009,cbt
10,1,빅데이터 변화,다음 중 빅데이터가 만들어 내는 변화와 가장 거리가 먼 것은?,가치가 있을 것이라 예상되는 특정 정보만 모으는 것이 아니라 최대한 많은 데이터를 모아 숨은 정보를 찾아내는 방식이 중요해진다.,데이터의 규모가 증가함에 따라 사소한 오류 데이터는 분석결과에 영향을 미치지 않기 때문에 포함해도 상관없는 경우가 많아진다.,인과관계 규명 없이 상관관계 분석결과만으로도 인사이트를 얻고 수익을 창출할 기회가 늘어나고 있다.,데이터의 양이 증가하고 유형이 복잡해짐에 따라 분석에 필요한 데이터를 선정하기 위한 정교한 표본조사 기법의 중요성이 대두되고 있다.,4,빅데이터 시대에는 정교한 표본조사보다 전수조사가 보편화되는 방향으로 변화한다.,100010,cbt
11,1,빅데이터 기능,"IoT시대가 되면 수많은 물건에 센서가 부착되어 데이터가 끊임없이 생산되는데, 빅데이터 사업자들이 이 데이터를 저장해 두고 3rd party에 API를 통해 공개하여 활용하도록 하는 빅데이터의 기능은?",렌즈,플랫폼,원유,산업혁명의 석탄,2,"플랫폼은 '공동 활용의 목적으로 구축된 유·무형의 구조물'을 의미하며, API를 통한 데이터 공개·활용이 대표적 사례이다.",100011,cbt
12,1,데이터 단위,아래 제시된 데이터양의 표시 단위를 작은 것부터 큰 것의 순서로 나열하면? 가. 엑사바이트(EB) 나. 페타바이트(PB) 다. 요타바이트(YB) 라. 제타바이트(ZB),나-가-라-다,가-나-다-라,나-가-다-라,다-라-가-나,1,테라(10^12)<페타(10^15)<엑사(10^18)<제타(10^21)<요타(10^24) 순이므로 나(PB)-가(EB)-라(ZB)-다(YB) 순이다.,100012,cbt
13,1,빅데이터 경영혁신,아래는 빅데이터로 달성할 수 있는 경영혁신의 단계를 나열한 것이다. 시작 단계에서 궁극적인 단계까지 바르게 나열된 것은? (가) 생산성 향상 (나) 발견에 의한 문제해결 (다) 의사결정 향상 (라) 새로운 고객가치와 비즈니스 창출,(가) -> (나) -> (다) -> (라),(나) -> (다) -> (라) -> (가),(다) -> (라) -> (가) -> (나),(라) -> (가) -> (나) -> (다),1,빅데이터 경영혁신은 생산성 향상 → 발견에 의한 문제해결 → 의사결정의 과학화·자동화(향상) → 새로운 고객가치와 비즈니스 창출 순으로 진행된다.,100013,cbt
14,1,프라이버시 보호,다음 중 연방거래위원회(FTC)가 제시한 '소비자 프라이버시 보호 3대 권고사항'에 해당되지 않는 것은?,상품 개발 단계에서부터 소비자 프라이버시 보호 방안을 적용,소비자 행동 예측 알고리즘에 대한 이해당사자의 접근권 보장,소비자에게 수집된 정보 내용 공개 및 접근권 부여,소비자에게 공유 정보 선택 옵션 제공,2,"알고리즘 접근권 보장은 데이터 오용 위기요소에 대한 대응책이며, FTC의 프라이버시 3대 권고사항에는 해당하지 않는다.",100014,cbt
15,1,소프트 스킬,"데이터 사이언티스트에게 필요한 하드 스킬과 소프트 스킬 중, 다음 중 소프트 스킬에 가장 가까운 것은?",Machine Learning,Statistics Modeling,Data Visualization,Distributed Computing,3,"소프트 스킬에는 창의적 사고, 호기심, 논리적 비판, 스토리텔링, 시각화(Visualization), 커뮤니케이션 등이 있다.",100015,cbt
16,1,데이터 기초,다음 중 데이터에 대한 설명으로 가장 부적절한 것은?,1바이트는 0에서 255까지의 정수 값을 표현할 수 있는 데이터의 크기를 의미한다.,영어 한 글자는 1바이트로 저장할 수 있지만 한글 한 글자는 2바이트로 저장하는 것이 일반적이다.,수치 데이터는 용량이 증가하더라도 텍스트 데이터에 비해 DBMS에서 관리하기 용이하다.,설문조사 데이터는 그 형태와 형식이 정해져 있지 않아 비정형 데이터라고 한다.,4,"설문조사의 주관식 응답은 비정형 데이터이지만, 객관식 응답은 수치로 처리 가능한 정형 데이터로 볼 수 있어 일괄적으로 비정형이라 할 수 없다.",100016,cbt
17,1,DW 특성,데이터웨어하우스는 기업 내 의사결정지원 애플리케이션에 정보 기반을 제공하는 통합 저장 공간이다. 다음 중 데이터웨어하우스의 고유한 특성이 아닌 것은?,데이터웨어하우스에서는 데이터의 지속적 갱신에 따른 데이터의 무결성 유지가 무엇보다 중요하다.,데이터웨어하우스 데이터들은 전사적 차원에서 일관된 형식으로 정의된다.,데이터웨어하우스에서 관리되는 데이터들은 시간의 흐름에 따라 변화하는 값을 저장한다.,"데이터웨어하우스에서는 특정 주제에 따라 데이터들이 분류, 저장, 관리된다.",1,"데이터웨어하우스의 4대 특성은 주제 지향성, 데이터 통합, 시계열성(시간 가변성), 비휘발성이며, 지속 갱신에 따른 무결성 유지는 DW 고유의 특성이 아니다.",100017,cbt
18,1,빅데이터 변화방향,다음 중 빅데이터로 인한 변화방향을 기술한 것으로 가장 부적절한 것은?,필요한 정보만을 수집하던 시대에서 가능한 많은 정보를 수집한 후 용도를 찾아내는 시대로의 변화,단순한 상관관계보다 이론적 인과관계를 중시하는 방향으로 변화,표본조사 보다 전수조사가 보편화되는 시대로의 변화,데이터의 질보다 양을 중시하는 시대로의 변화,2,빅데이터 시대에는 이론적 인과관계보다 단순한 상관관계 분석 결과를 활용하는 것이 사업 목적상 더 부합하는 경우가 빈번해지고 있다.,100018,cbt
19,1,빅데이터 출현배경,다음 중 빅데이터의 출현 배경과 가장 거리가 먼 것은?,하둡과 같은 분산처리 기술의 발전,"M2M, IoT과 같은 통신 기술의 발전",의료정보 등 공공데이터의 개방 가속화,"트위터, 페이스북 등 SNS의 급격한 확산",3,공공데이터의 개방은 빅데이터의 출현배경이라기보다는 빅데이터 현상 이후 이를 활성화하기 위한 후속 조치의 성격이 강하다.,100019,cbt
20,1,5V 특징,구글 번역 서비스에서 활용된 빅데이터의 특성으로 가장 적절한 것은? (수집한 문서가 많을수록 번역의 질이 높아진다는 가정에서 출발),Volume,Variety,Velocity,Veracity,1,"구글 번역은 전 세계에서 수집한 수십억 개의 문서를 기반으로 하며, 문서가 많을수록 번역 질이 높아진다는 점에서 Volume(규모) 특성을 활용한 사례이다.",100020,cbt
21,1,빅데이터 위기요인,빅데이터 시대의 부정적 측면 중 '책임원칙의 훼손' 이슈에 대한 사례로 가장 적절한 것은?,범죄 예측 프로그램에 의해 범행 전에 체포,빅브라더가 개인의 일상생활 전반을 감시,여행 사실을 트윗한 사람의 집에 강도가 침입,검색엔진의 검색결과의 차별적 누락에 따른 피해 발생,1,"책임원칙 훼손은 예측 결과만으로 개인을 단죄하는 문제이며, 범행 전 체포가 대표 사례이다. 나머지는 사생활 침해·데이터 오용 사례이다.",100021,cbt
22,1,빅데이터 개념,다음 중 빅데이터에 관한 설명으로 가장 적절한 것은?,빅데이터 분석을 통한 가치창출 여부는 데이터의 규모에 의해 크게 좌우된다.,비즈니스 핵심에 대해 보다 객관적이고 종합적인 통찰을 줄 수 있는 데이터를 확보해야 한다.,빅데이터 프로젝트를 추진하는데 있어 가장 큰 걸림돌은 막대한 소요비용이다.,성과가 높은 기업의 대부분은 폭넓은 가치 분석적 통찰력을 갖추고 있는 것으로 밝혀졌다.,2,"가치창출은 데이터 규모보다 객관적·종합적 통찰을 줄 수 있는 데이터 확보가 중요하며, 걸림돌은 비용이 아니라 분석적 방법과 성과에 대한 이해 부족이다.",100022,cbt
23,1,시대별 용어,"OLAP - 다차원의 데이터를 대화식으로 분석하기 위한 소프트웨어, ( ㉠ ) - 데이터 기반 의사결정을 지원하기 위한 리포트 중심의 도구, Analytics - 통계적·수학적 분석에 초점을 둔 기법. ㉠에 들어갈 용어는?",Business Intelligence(BI),Business Analytics(BA),Data Mining,OLTP,1,BI(Business Intelligence)는 데이터 기반 의사결정을 지원하기 위한 리포트 중심의 도구이다.,100023,cbt
24,1,데이터 사이언스,"컴퓨터공학, 통계학, 수학 등의 학문적 지식과 시각화 및 해커로서의 소양까지 종합한 학문으로, 기존 통계학과 다르게 총체적 접근법을 사용하는 이것은 무엇인가?",데이터 사이언스,데이터 마이닝,빅데이터 거버넌스,비즈니스 애널리틱스,1,"데이터 사이언스는 여러 학문 지식을 종합하며, 기존 통계학과 달리 총체적(holistic) 접근법을 사용한다.",100024,cbt
25,1,정량적 데이터,다음 중 정량적 데이터(Quantitative data)의 예로서 부적절한 것은?,직업,강우량,영업이익,GDP 증가율,1,직업은 수치·기호·도형으로 표시하기 어려운 정성적 데이터이다.,100025,cbt
26,1,암묵지 예시,다음 중 암묵지(Tacit knowledge)의 예로서 부적절한 것은?,고려청자를 만드는 비법,간장의 맛을 결정한다는 시어머니의 손맛,연봉이 수억에 달한다는 보험설계사의 영업비밀,회계규칙에 입각하여 대차대조표를 작성하는데 요구되는 지식,4,회계규칙에 따른 대차대조표 작성 지식은 문서화·정리된 형식지에 해당한다.,100026,cbt
27,1,빅데이터 활용기법,최대의 시청률을 얻으려면 어떤 프로그램을 어떤 시간대에 방송해야 하는가라는 문제 해결에 가장 적절한 분석방법은?,소셜 네트워크 분석(Social network analysis),유전 알고리즘(Genetic algorithm),기계 학습(Machine learning),유형 분석(Classification tree analysis),2,유전 알고리즘은 자연선택·돌연변이 메커니즘으로 점진적으로 진화시켜 최적화 문제의 해결책을 찾는 기법이다.,100027,cbt
28,1,비정형데이터,다음 중 비정형데이터로 분류하기에 가장 부적절한 것은?,IE 웹브라우저로 Gmarket에 접속한 로그기록,Naver의 검색창에 입력한 키워드,Facebook 친구에게 게시한 댓글,Galaxy S5로 찍은 셀카 사진,1,웹 접속 로그기록은 형태가 있고 일정한 형식(키-값 등)을 가지는 반정형 데이터로 보는 것이 적절하다.,100028,cbt
29,1,가치 패러다임,빅데이터 시대에 가치 패러다임이 변화하는 단계를 올바르게 나열한 것은?,연결(Connection) -> 디지털화(Digitalization) -> 에이전시(Agency),디지털화(Digitalization) -> 연결(Connection) -> 에이전시(Agency),에이전시(Agency) -> 연결(Connection) -> 디지털화(Digitalization),연결(Connection) -> 에이전시(Agency) -> 디지털화(Digitalization),2,가치 패러다임은 디지털화 → 연결 → 에이전시의 3단계로 변화한다.,100029,cbt
30,1,데이터베이스 특징,다음 중 데이터베이스의 특징에 대한 설명으로 가장 부적절한 것은?,데이터베이스는 통합된 데이터(Integrated data)이다.,데이터베이스는 다양한 방법으로 필요한 정보를 검색할 수 있는 검색가능성을 가진다.,데이터베이스는 여러 사용자가 서로 단일한 목적으로 데이터를 공동으로 이용할 수 있도록 구성되어야 한다.,"데이터베이스는 변화되는 데이터로 삽입, 삭제, 갱신에도 항상 현재의 정확한 데이터를 유지해야 한다.",3,데이터베이스는 여러 사용자가 서로 '다른' 목적으로 데이터를 공동 이용하는 공용 데이터(Shared Data)를 특징으로 한다.,100030,cbt
31,1,SQL,"SELECT CUSTOMER_NAME 고객명, E_CUSTOMER_NAME 고객영문명 FROM CUSTOMER WHERE E_CUSTOMER_NAME LIKE '_A%'; 를 실행했을 때 출력되는 결과로 옳은 것은?",영문명이 A로 시작하는 고객들의 이름,영문명이 두 번째 문자가 A인 고객들의 이름,영문명이 A나 a로 시작하는 고객들의 이름,위치에 상관없이 영문명에 A를 포함하는 고객들의 이름,2,'_'는 문자 하나를 대표하는 와일드카드이므로 '_A%'는 두 번째 문자가 A인 문자열과 일치한다.,100031,cbt
32,1,SQL,아래 SQL 명령 중 DML(Data Manipulation Language)에 해당하는 항목을 모두 나열한 것은? (A) DELETE (B) INSERT (C) SELECT (D) UPDATE (E) CREATE,"(A), (B)","(A), (B), (C)","(A), (B), (C), (D)","(A), (B), (C), (D), (E)",3,"DELETE, INSERT, SELECT, UPDATE는 DML이며, CREATE는 DDL(데이터 정의어)에 해당한다.",100032,cbt
33,1,빅데이터 파급효과,"빅데이터가 기업에 주는 영향으로 혁신 촉진, 경쟁력 제고, 그리고 ( ㉠ ) 향상을 들 수 있다. ㉠은?",생산성,안정성,보안성,수익성,1,빅데이터 활용으로 기업 운용 효율성이 증가하면 산업 전체의 생산성이 향상된다.,100033,cbt
34,1,스키마,"( ㉠ )은(는) 데이터베이스의 구조와 제약조건에 관한 전반적인 명세를 의미하며, 개체·속성·관계 및 데이터 조작 시 제약 조건을 정의한다. ㉠은?",스키마(Schema),메타데이터,인덱스,트랜잭션,1,스키마는 데이터베이스의 구조·자료 표현 방법·자료 간 관계를 형식 언어로 정의한 구조이다.,100034,cbt
35,1,빅데이터 정의,다음 중 일반적으로 통용되고 있는 빅데이터의 정의와 가장 거리가 먼 것은?,일반적인 데이터베이스 소프트웨어로 저장·관리·분석할 수 있는 범위를 초과하는 규모의 데이터이다.,다양한 종류의 대규모 데이터로부터 저렴한 비용으로 가치를 추출하는 차세대 기술 및 아키텍처다.,"데이터의 양, 다양성, 속도가 급격히 증가하면서 나타난 현상이다.",기존 작은 데이터 처리로는 얻을 수 없었던 통찰과 가치를 하둡(Hadoop)을 기반으로 하는 대용량 분산처리 기술을 통해서만 창출하는 방식이다.,4,"하둡은 대량의 자료를 처리하는 분산 응용 프로그램 지원 프레임워크일 뿐, 빅데이터 창출이 하둡 기술로만 이루어지는 것은 아니다.",100035,cbt
36,1,빅데이터 기능,다음 중 구글의 Ngram Viewer는 빅데이터의 어떤 기능을 보여주는 사례라고 할 수 있는가?,현미경,21세기의 오일(oil),차세대 산업혁명의 에너지원,플랫폼,1,"Ngram Viewer는 특정 말뭉치의 시대별 사용 빈도를 비교해 보여주는 서비스로, 현미경처럼 특정 시점을 확대해 보여주는 기능에 비유된다.",100036,cbt
37,1,빅데이터 위기요인,다음 중 빅데이터의 위기요인 통제를 위해 논의되고 있는 방안에 대한 설명으로 가장 부적절한 것은?,개인정보 활용에 대한 동의제를 책임제로 전환하는 것은 책임원칙 훼손 위기에 대한 통제방안으로 효과적이다.,개인정보의 가치 증가와 기술발전으로 사생활침해 가능성도 커져 가이드라인 제정 요구가 급증하고 있다.,데이터 오용의 위기 요소 대응책으로 알고리즘 접근권 보장과 알고리즈미스트의 필요성이 대두되고 있다.,특정인이 채용·대출·신용카드 발급 결정 등에서 예측 자료로 불이익을 당할 가능성을 최소화하는 장치가 필요하다.,1,"동의제에서 책임제로의 전환은 '사생활 침해' 위기에 대한 통제 방안이며, 책임원칙 훼손에 대해서는 기존 책임원칙 자체를 보강·강화하는 것이 논의된다.",100037,cbt
38,1,CRM,빅데이터 시대가 도래함에 따라 CRM 환경이 바뀌고 있다. 다음 중 이와 관련된 설명으로 옳지 않은 것은?,다양한 채널로 CRM 수행이 가능하게 되었다.,CRM의 목적과 방법이 변화하고 있다.,기업과 고객 간 양방향 소통이 가능한 서비스 플랫폼이 활성화되고 있다.,실시간으로 고객 트렌드를 파악할 수 있게 되었다.,2,오늘날 CRM은 기존 목적은 유지하면서 방법론(채널·기술)에서 다양한 변화를 모색하고 있다.,100038,cbt
39,1,데이터vs정보,"데이터(data)와 정보(information)의 차이를 구분할 때, 다음 중 정보에 대한 예로 가장 부적절한 것은?",평균 구매액,주문수량,베스트셀러,우량고객,2,"주문수량은 가공되지 않은 사실 그 자체인 데이터에 해당하며, 나머지는 데이터를 가공해 의미를 부여한 정보의 예시이다.",100039,cbt
40,1,분석테크닉,다음 중 데이터 분석 테크닉에 대한 설명 중 가장 부적절한 것은?,개인의 신용 평가에 가장 많이 활용되는 것은 연관 규칙 학습이다.,기계 학습은 대규모 데이터를 처리·분석할 때 상당한 분석 인프라와 시간이 소요될 수 있다.,한국어의 경우 언어적 특성으로 인해 감정 분석에 상대적으로 어려운 측면이 있다.,소셜 네트워크 분석은 최근 핀테크 기업에서 대출을 제공할 때 활용되고 있다.,1,개인 신용 평가에 가장 많이 활용되는 기법은 회귀 분석이다.,100040,cbt
41,1,데이터 사이언티스트,다음 중 뛰어난 데이터 사이언티스트에 대한 설명으로 가장 적절한 것은?,통계학에 대한 이론적 지식과 최적의 분석 설계 노하우를 축적하는 것이 가장 중요하다.,정량 분석이라는 과학과 인문학적 통찰에 근거한 합리적인 추론을 조합한다.,분석 결과를 인간의 해석이 개입하지 않도록 객관적으로만 사용한다.,분석에 현실이 개입하지 않도록 최대한 긍정적인 가정과 모델들에 기초한다.,2,뛰어난 데이터 사이언티스트는 정량 분석이라는 과학과 인문학적 통찰에 근거한 합리적 추론을 탁월하게 조합한다.,100041,cbt
42,1,DBMS,사용자와 데이터베이스 사이에서 사용자의 요구에 따라 정보를 처리해주고 데이터베이스를 관리해주는 소프트웨어는?,DBMS,Data Dictionary,SQL,ERD,1,DBMS(DataBase Management System)는 사용자의 요구에 따라 정보를 처리하고 데이터베이스를 관리하는 소프트웨어이다.,100042,cbt
43,1,비식별화,"데이터에 포함된 개인 식별 정보를 삭제하거나 알아볼 수 없는 형태로 변환하는 것으로, 가명·일반화·치환·섭동 등의 방법으로 구현하는 이것은?",데이터 익명화(Data Anonymity),데이터 마스킹,데이터 암호화,접근 통제,1,"데이터 익명화는 개인 식별 정보를 삭제하거나 알아볼 수 없게 변환하는 것으로, 가명·일반화·치환·섭동 등 다양한 방법을 포함한다.",100043,cbt
44,1,DW 특성,다음 중 데이터웨어하우스에 대한 설명으로 가장 부적절한 것은?,기업 내 의사결정지원 애플리케이션을 위한 정보 기반을 제공하는 통합된 데이터 저장 공간이다.,ETL은 내부·외부 데이터베이스로부터 정보를 추출·변환한 후 데이터웨어하우스에 적재한다.,데이터웨어하우스에서 관리하는 데이터들은 시간의 흐름에 따라 변화하는 값을 유지한다.,일반적으로 전사적 차원에서 접근하기보다는 재무·생산 등 특정 업무 분야에 맞춰 초점을 맞추어 구축된다.,4,"전사적 차원보다 특정 업무 분야에 초점을 맞춰 구축되는 것은 데이터 마트의 특징이며, 데이터웨어하우스는 전사적 차원에서 구축된다.",100044,cbt
45,1,기업 정보시스템,기업 전체를 경영자원의 효과적 이용이라는 관점에서 통합적으로 관리하고 경영의 효율화를 기하기 위한 시스템은?,ERP,CRM,SCM,KMS,1,ERP(전사적자원관리)는 기업 활동 전반의 경영자원을 통합 관리하여 경영 효율화를 기하는 시스템이다.,100045,cbt
46,1,인문학적 사고,최근 인문학적 사고의 필요성이 대두하게 된 사회경제적 환경의 변화를 기술한 것 중 가장 관련이 없는 것은?,단순한 세계화에서 복잡한 세계화로 변화하고 있다.,비즈니스의 중심이 제품생산에서 서비스로 이동하고 있다.,경제와 산업의 논리가 생산에서 시장창조로 바뀌고 있다.,직관 보다는 데이터에 기반한 의사결정이 더욱 중요해지고 있다.,4,데이터 기반 의사결정이 중요해지는 것은 인문학적 사고 대두의 배경과는 직접적인 관련이 없다.,100046,cbt
47,1,DIKW,DIKW 피라미드에서 상호 연결된 정보 패턴을 이해하여 이를 토대로 예측한 결과물을 무엇이라고 하는가?,지식(Knowledge),정보(Information),지혜(Wisdom),데이터(Data),1,지식은 상호 연결된 정보 패턴을 이해하여 이를 토대로 예측한 결과물이다.,100047,cbt
48,1,데이터 무결성,"데이터 ( ㉠ )은(는) 데이터베이스 내 데이터의 정확성, 일관성, 유효성, 신뢰성을 보장하기 위해 데이터 변경·수정 시 여러 제한을 두어 정확성을 보증하는 것을 말한다. ㉠은?",무결성(Integrity),일관성(Consistency),가용성(Availability),기밀성(Confidentiality),1,데이터 무결성은 데이터의 정확성·일관성·유효성·신뢰성을 보장하기 위한 제약과 통제를 의미한다.,100048,cbt
49,2,정보보안 거버넌스,다음 중 정보보안 거버넌스에 대한 설명으로 가장 부적절한 것은?,정보보안 거버넌스는 기업의 정보보안 전략을 정보보안 자원에 전략적으로 연계하는 것을 목적으로 한다.,정보보안 거버넌스는 IT 거버넌스와는 독립적인 영역이다.,"정보보안 거버넌스는 정보를 보호하는 리더십, 조직구조, 프로세스로 구성되어 있다.","정보보안 거버넌스의 3요소는 데이터 무결성, 서비스 연속성, 정보자산 보호이다.",2,"정보보안 거버넌스는 IT 거버넌스의 구성요소를 그대로 따르며, IT 거버넌스에 포함되는 영역으로 볼 수 있다(독립적인 영역이 아님).",100049,cbt
50,2,분석체계 구현,"비즈니스 영역별로 도출된 분석과제를 대상으로 조직에 적합한 분석체계를 구현할 때, 다음 중 설명으로 가장 부적절한 것은?",분석체계 구현은 설계 -> 구현 -> 테스트 -> 이행 등 순차적(Waterfall) 방식을 적용하여 수행한다.,분석을 위해 필요한 데이터를 수집 및 확보한 후 분석 모델을 설계한다.,준비된 데이터를 분석 모델에 적용하고 그 결과를 평가한다.,분석모델을 반복적으로 정련하여 분석 모델을 최적화 한다.,1,"분석체계 구현은 순차적(Waterfall) 방식이 아니라, 데이터 수집·모델 설계·적용·평가를 반복하며 모델을 최적화하는 반복적 정련 방식으로 이루어진다.",100050,cbt
51,2,프로세스 혁신,빅데이터 시대에 기업들이 고민해야 하는 프로세스 혁신의 방향에 대한 설명으로 가장 부적절한 것은?,이슈 중심의 상향식(Bottom Up)이 아닌 비즈니스 모델 및 시나리오 기반의 하향식(Top-Down) 접근,업무 처리의 신속성과 시장대응 민첩성을 중심으로 프로세스의 중복제거·단순화·표준화 관점에서 진행,Time-to-Market(신속성) 관점이 아닌 Quality-to-Market(최적화) 관점의 업무처리 지능화를 통한 효과성 향상에 포커싱,업무프로세스 실행시점에 필요한 Action을 강제화 할 수 있도록 Analytics의 프로세스 내재화 관점의 접근,2,"빅데이터 시대의 프로세스 혁신은 '신속성·민첩성 중심의 중복제거·단순화·표준화'가 아니라, 업무 효과성·기획평가 중심으로 방향이 바뀌어야 한다.",100051,cbt
52,2,의사결정 최적화,의사결정 최적화의 장애요인이 아닌 것은?,데이터 지연(Data Latency),분석 지연(Analytic Latency),모델 검증 지연(Verification Latency),의사결정 지연(Decision Latency),3,"의사결정 최적화를 방해하는 3가지 지연 요인은 데이터 지연, 분석 지연, 의사결정 지연이다.",100052,cbt
53,2,분석 선순환 구조맵,"특정 부서 분석 결과가 다른 조직에 미치는 영향을 전사 목표 최적화 관점에서 파악하기 위해, 분석 목록을 선택과 결과로 모델링하여 결과요소 간 상충 여부 등을 확인하는 도구로 가장 적절한 것은?",분석 선순환 구조 맵,액티비티 맵,전략캔버스,유저스토리,1,분석 선순환 구조 맵은 분석 목록을 선택과 결과로 모델링해 연관성과 상충 요소를 확인하는 도구이다.,100053,cbt
54,2,지연시간,"의사결정 및 업무 운영 최적화를 위해 줄여야 하는 3가지 지연 시간은 ( ㉠ ) 지연 시간, 분석 지연 시간, 의사결정 지연 시간이다. ㉠은?",데이터,시스템,네트워크,검증,1,"3가지 지연시간은 데이터 지연, 분석 지연, 의사결정 지연 시간이다.",100054,cbt
55,2,잊힐 권리,온라인·SNS 상 개인의 사진·거래·성향 정보에 대해 소유권을 강화하고 삭제·수정·영구 파기를 요청할 수 있는 권리 개념은?,잊힐 권리(Right to be forgotten),정보 접근권,알 권리,자기결정권,1,"잊힐 권리는 디지털 환경에서 '지워지지 않는 기록' 문제를 다루는 개념으로, 옥스퍼드대 빅토어 마이어 쇤베르거가 처음 언급하였다.",100055,cbt
56,2,우선순위 평가,다음 중 데이터 분석 구현을 위한 적용 우선순위 평가 시 주요 고려요소가 아닌 것은?,전략적 중요도,분석 데이터 적용 수준,분석 ROI,실행 용이성,2,"우선순위 평가 요소는 전략적 중요도, 분석 ROI, 실행 용이성이며, 분석 데이터 적용 수준은 적용 범위·방식에 대한 고려요소이다.",100056,cbt
57,2,분석조직구조,데이터 분석을 위한 조직구조 중 집중형 분석 조직구조의 특징으로 가장 부적절한 것은?,전사 분석 업무를 별도 독립된 분석 전담조직에서 담당한다.,분석 결과에 대한 신속한 실행(Action)이 가능하다.,전략적 중요도에 따라 분석 조직이 우선순위를 정하여 추진 가능하다.,현업 업무부서의 분석업무와 이중화 또는 이원화 될 가능성이 높다.,2,"분석 결과의 신속한 실행(Action)이 가능한 것은 분산형 조직구조의 특징이며, 집중형은 현업부서와 이중화 가능성이 있다.",100057,cbt
58,2,빅데이터 품질관리,"빅데이터와 정형 데이터를 품질관리 측면에서 비교할 때, 빅데이터 품질관리의 특성으로 볼 수 없는 것은?",데이터에 대한 오너쉽이 더 강하다.,이미 생성된 데이터에 대한 정제(정비)가 어렵다.,개별 데이터에 대한 타당성 검증은 경우에 따라 불필요하다.,혹시 발생할지 모르는 데이터 사용자의 오류는 무시할 수 있다.,4,데이터 사용자의 오류를 무시할 수 있다는 것은 빅데이터 품질관리의 특성이 아니다.,100058,cbt
59,2,빅데이터 보안,빅데이터 보안에 대한 접근 방법으로 가장 부적절한 것은?,"개인정보 외 외부에 공개가 어려운 민감성 데이터는 용도를 명확히 하고, 경우에 따라 사용이 불가하다.",모든 데이터의 품질을 보장하기 위한 기준을 정의해야 한다.,DBMS에 저장할 필요가 없는 일회성 데이터에 대한 보안검사는 경우에 따라 불필요하다.,기관 또는 기업 간 연계를 통해 공유·분산된 데이터에 대한 보안검사는 경우에 따라 불필요하다.,2,"모든 데이터의 품질을 일률적으로 보장하기보다, 빅데이터의 특성을 고려해 보안·보호되어야 할 데이터와 수준의 기준을 정의해야 한다.",100059,cbt
60,2,분석기회 발굴,기업에 비즈니스 성과를 이끌어 줄 분석기회(Analytic Use Case)를 찾는 방법으로 가장 부적절한 것은?,기업의 비즈니스 모델분석을 통해 경쟁력 강화를 위한 핵심 분석기회를 식별한다.,특정 대상 프로세스를 선정한 후 업무 주제별로 분석 요건을 식별한다.,"제공되는 산업별, 업무 서비스 별 분석 테마 후보 풀의 벤치마킹을 통해 분석기회를 식별한다.","기업에 축적되어 있는 모든 데이터들을 분석하여, 비즈니스적 인사이트를 찾기 위해 노력한다.",4,"모든 데이터를 무작정 분석해 인사이트를 찾는 것은 비용 효율적이지 못하며, 분석 대상·목적을 명확히 정의하고 점진적으로 확대하는 것이 효율적이다.",100060,cbt
61,2,고객가치유형,고객의 니즈를 구성하는 4가지 가치 유형(Customer Value Wedge) 중 무형의 가치(Intangible Value)와 관련되지 않은 것은?,공유성,확장성,접근성,즐거움,4,"즐거움은 감성 가치(Emotional Value)의 요소이며, 무형의 가치 요소가 아니다.",100061,cbt
62,2,경영혁신 도구,"기업 전략을 비주얼한 차트 형태로 표현하고, 고객 효용 관점에서 자사·경쟁사의 가치수준을 비교해 새로운 전략방향을 설정하도록 돕는 경영혁신 도구는?",전략 캔버스,ERRC 프레임워크,비즈니스 컨텍스트,구매자 효용 지도(Buyer Utility Map),1,"전략 캔버스는 블루오션 전략의 핵심 도구로, 고객 시각에서 자사와 경쟁사의 가치 수준을 비교·표현한다.",100062,cbt
63,2,CLD 선택유형,선택(Choice)-이론(Theory)-결과(Consequence) 형태의 비즈니스 운영 시나리오에서 '선택'의 3가지 유형이 아닌 것은?,정책(Policy),자산(Asset),거버넌스(Governance),전략(Strategy),4,"선택(Choice)의 3가지 유형은 정책, 자산, 거버넌스이며, 전략은 이에 해당하지 않는다.",100063,cbt
64,2,분석 유즈케이스,"기업의 전사 또는 개별 업무별 주요 의사결정 포인트에 활용할 수 있는 분석의 후보로, 비즈니스 모델의 이론(Theory)을 설명하고 하나 이상의 분석을 포함하며 프로세스 혁신의 수단으로 사용되는 것은?","분석기획(분석 유즈 케이스, Analytic Use Case)",데이터 거버넌스,비즈니스 모델 캔버스,분석 마스터플랜,1,"분석 유즈 케이스는 의사결정 포인트에 활용되는 분석 후보로, 비즈니스 모델의 이론을 설명하고 프로세스 혁신의 수단이 된다.",100064,cbt
65,2,분석 성숙도 영역,"분석 성숙도(Maturity) 단계 진단 시 각 단계별 조직의 성숙도를 진단하는 3가지 영역은 '비즈니스 부문', 'IT 부문', '( ㉠ ) 부문'이다. ㉠은?",조직·역량,재무,마케팅,고객,1,"분석 성숙도는 비즈니스, 조직·역량, IT 3가지 부문에서 진단한다.",100065,cbt
66,2,빅데이터 투자요소,다음 빅데이터의 특징 중 투자비용 요소 또는 난이도를 평가하는 요소로 가장 부적절한 것은?,규모(Volume),다양성(Variety),속도(Velocity),가치(Value),4,"Volume·Variety·Velocity(3V)는 투자비용·난이도 평가 요소이며, Value는 비즈니스 효과(시급성 평가) 요소이다.",100066,cbt
67,2,분석 준비도,기업의 데이터 분석 도입 수준을 파악하기 위한 분석 준비도(Readiness) 측정 요소로 가장 부적절한 것은?,분석 목표 및 전략,분석 업무,분석 데이터,분석 인력 및 조직,1,"분석 준비도는 분석업무, 분석 인력 및 조직, 분석 기법, 분석 데이터, 분석 문화, 분석 인프라의 6개 영역으로 진단하며 '분석 목표 및 전략'은 해당하지 않는다.",100067,cbt
68,2,데이터 품질관리,데이터 품질관리에 대한 설명으로 가장 부적절한 것은?,조직 내·외부의 정보시스템 및 DB 사용자의 기대를 만족시키기 위해 지속적으로 수행하는 관리·개선활동을 의미한다.,"품질관리 대상은 데이터 값, 데이터 구조, 데이터 관리 프로세스이다.",기업 내부에서 발생되는 정형 데이터에 대한 품질만을 의미한다.,"데이터 표준화, 메타데이터 관리, MDM을 통해 사전·사후 품질 향상 효과를 얻을 수 있다.",3,데이터 품질관리는 정형 데이터뿐 아니라 비정형·반정형 데이터의 품질관리도 포함하는 개념이다.,100068,cbt
69,2,빅데이터 이익실현 장애물,빅데이터 프로젝트에서 이익 실현 역량을 방해하는 3가지 요소(ISACA)와 가장 거리가 먼 것은?,전문 분석인력을 단기간에 확보하기 어려움(전문가 부족),조직 간 정보 공유에 소극적이며 정보 활용도가 낮음(사일로 조직),수집·생성된 데이터의 품질을 확보할 수 없음,IT부서를 거치지 않고 현업이 바로 추진해 대규모 숨은 데이터가 발생함(섀도우 IT),3,"ISACA가 제시한 3대 장애물은 전문가 부족, 사일로 조직, 섀도우 IT의 부상이며, 일반적인 데이터 품질 확보 이슈는 이 3대 장애물에 포함되지 않는다.",100069,cbt
70,2,분석 내재화,분석(Analytics)의 업무 프로세스 내재화를 구현하기 전 고려해야 할 요소가 아닌 것은?,내재화를 전체 업무 프로세스에 일괄 적용할 준비가 되어 있는가?,분석 알고리즘(로직)을 어떻게 설계할 것인가.,독립된 정보계와는 달리 업무운영 시스템에 내재될 수 있는 융합성을 가지는가.,대용량 데이터에 대해 필요한 시점에 적합한 속도로 분석을 제공하는가.,1,내재화는 전체 프로세스에 일괄 적용하는 것이 아니라 특정 프로세스별로 점진적으로 적용하는 것이 바람직하다.,100070,cbt
71,2,구현 로드맵,마스터플랜 수립 단계에서 분석과제를 도출한 후 데이터 분석구현을 위한 로드맵 수립 시 고려되는 요소 중 성격이 다른 하나는?,기술 적용 수준,분석 데이터 적용 수준,전략적 중요도 수준,업무 내재화 적용 수준,3,"기술·데이터·업무내재화 적용 수준은 '적용 범위/방식' 요소이고, 전략적 중요도는 '우선순위'를 결정하는 요소로 성격이 다르다.",100071,cbt
72,2,비즈니스 모델,"'기업운영 방식의 표현', '조직이 가치를 만들고 제공하며 획득하는 근본 원리의 표현', '기업을 어떻게 경영하느냐를 설명하는 이야기' 라는 정의가 공통으로 설명하는 것은?",비즈니스 모델(Business Model),비즈니스 전략(Strategy),비즈니스 컨텍스트,분석 마스터플랜,1,비즈니스 모델은 기업운영 방식과 가치 창출·제공·획득의 근본 원리를 표현하는 개념이다. 전략은 경쟁사보다 무엇을 잘할지를 설명한다는 점에서 구별된다.,100072,cbt
73,2,빅데이터 특징(4V),분석과제의 적용 우선순위를 선정하는 기준 중 빅데이터의 4V에서 난이도를 판단하는 요소로 부적절한 것은?,Volume(규모),Variety(다양성),Velocity(속도),Value(가치),4,"Volume·Variety·Velocity는 난이도(투자비용) 판단 요소이며, Value는 시급성(비즈니스 효과) 판단 요소이다.",100073,cbt
74,2,분석 성숙도 단계,"전사 차원에서 분석을 관리·공유하고, 분석 전담 조직과 데이터 사이언티스트를 확보하며, 전사 성과의 실시간 분석과 분석 규칙·이벤트 관리가 가능한 성숙 단계는?",도입단계,활용단계,확산단계,최적화단계,3,확산단계는 전사 차원에서 분석을 관리·공유하고 전담 조직을 운영하며 실시간 분석이 가능한 단계이다.,100074,cbt
75,2,분석조직구조,"별도의 독립된 분석 전담조직을 구성해 전사 차원의 분석업무를 수행하고 전략적 중요도에 따라 우선순위를 정해 추진이 가능하지만, 비즈니스 부서와 이중화 가능성이 있는 조직 형태는?",분산형 조직구조,가상형 조직구조,집중형 조직구조,기능형 조직구조,3,집중형 조직구조는 별도 전담조직(CoE)이 전사 분석업무를 담당하며 현업부서와 이중화될 가능성이 있다.,100075,cbt
76,2,고객가치유형,고객의 니즈를 구성하는 4가지 가치 유형(Customer Value Wedge)에 해당하지 않는 것은?,기능적 가치(Functional Value),재무적 가치(Financial Value),감성 가치(Emotional Value),사회적 가치(Social Value),4,"4가지 가치 유형은 기능적 가치, 재무적 가치, 무형의 가치, 감성 가치이며 사회적 가치는 해당하지 않는다.",100076,cbt
77,2,BI 목적,1990년대 이후 기업들이 Business Intelligence를 도입하며 기대했던 사항과 가장 거리가 먼 것은?,과거 성과를 측정하고 비즈니스 계획에 참고할 수치를 사용할 수 있다.,"과거에 무슨 일이 발생했는지, 어디에·얼마나·얼마나 자주 문제가 있었는지 답을 얻을 수 있다.",사용자는 모든 데이터에 접근해 EDW에 축적해 두면 유용한 정보를 산출할 것이다.,"왜 이런 일이 발생했는가, 다음에 무슨 일이 발생할 것인가, 최적의 선택은 무엇인가에 답을 제공해 준다.",4,"'왜, 앞으로 어떻게, 최적의 선택은 무엇인가'에 답하는 것은 BI가 아닌 Business Analytics의 목표에 해당한다.",100077,cbt
78,2,빅데이터 필요역량,"빅데이터의 3V(Volume, Variety, Velocity)를 고려할 때 성공적 안착을 위해 기업들이 반드시 갖추어야 할 역량으로 가장 부적절한 것은?",빅데이터를 수용할 수 있는 스토리지와 빠른 추출 능력이 필요함,데이터 기반의 의사결정 체계가 필요함,빅데이터 분석을 위해 기업외부 비정형 데이터에만 집중해야 함,실시간으로 발생되는 수많은 데이터에 대한 빠른 분석처리가 필요함,3,빅데이터는 외부 비정형 데이터뿐 아니라 내부 정형·반정형 데이터까지 종합적으로 다루어야 한다.,100078,cbt
79,2,우선순위 결정요소,분석과제의 우선순위를 결정하는 요소로서 가장 부적합한 것은?,과제의 시급성과 난이도,비즈니스 효과,투자비용 요소,전술적 중요도와 MBO,4,"분석과제 우선순위는 시급성(비즈니스 효과)과 난이도(투자비용)로 결정하며, '전술적 중요도와 MBO'는 해당 기준이 아니다.",100079,cbt
80,2,분석 도입 성공요소,데이터 분석 도입의 성공요소로 가장 부적절한 것은?,질문에 앞서 필요한 분석이 무엇인지 찾는다.,핵심 분석을 발굴하고 이를 점진적으로 확장한다.,분석 업무 의사결정 프로세스를 정립한다.,의사결정을 위한 분석도구를 업무에 내재화해 강제적으로 실행하게 한다.,1,"분석 도입은 필요한 분석을 먼저 찾기보다, 핵심 분석을 발굴해 점진적으로 확장하고 의사결정 프로세스를 정립하는 것이 성공요소로 강조된다.",100080,cbt
81,2,상향식 접근절차,비즈니스 모델 분석의 상향식(Bottom Up) 접근방식에서 특정 업무영역의 주제 지향적 분석기회를 발굴하는 절차로 올바르게 연결된 것은?,프로세스 분류 → 분석요건 정의 → 분석요건 식별 → 프로세스 흐름 분석,프로세스 분류 → 프로세스 흐름 분석 → 분석요건 식별 → 분석요건 정의,분석요건 식별 → 프로세스 분류 → 프로세스 흐름 분석 → 분석요건 정의,분석요건 식별 → 분석요건 정의 → 프로세스 분류 → 프로세스 흐름 분석,2,상향식 접근은 프로세스 분류 → 프로세스 흐름 분석 → 분석요건 식별 → 분석요건 정의 순으로 진행된다.,100081,cbt
82,2,분석 수준진단,데이터 분석 수준진단 결과에서 기업에 필요한 데이터 및 분석기법은 부족하지만 조직의 준비도가 높은 단계는?,확산형,도입형,준비형,정착형,2,도입형은 분석업무·기법은 부족하나 조직·인력의 준비도는 높은 단계이다.,100082,cbt
